{
  "leftofRules": {
    "0": [ 91, 532, 877 ],
    "1": [ 532, 877, 95 ],
    "2": [ 89, 91, 877 ],
    "3": [ 89, 572, 877 ],
    "4": [ 89, 877, 95 ],
    "5": [ 91, 572, 877 ],
    "6": [ 91, 877, 95 ],
    "7": [ 572, 877, 95 ],
    "8": [ 89, 532, 572 ],
    "9": [ 91, 532, 572 ],
    "10": [ 532, 572, 95 ],
    "11": [ 89, 91, 572 ],
    "12": [ 89, 572, 95 ],
    "13": [ 91, 572, 95 ],
    "14": [ 89, 877 ],
    "15": [ 91, 877 ],
    "16": [ 877, 95 ],
    "17": [ 89, 572 ],
    "18": [ 91, 572 ],
    "19": [ 572, 95 ]
  },
  "rightofRules": {
    "0": [ 89, 572, 95 ],
    "1": [ 89, 91, 572 ],
    "2": [ 532, 572, 95 ],
    "3": [ 91, 532, 95 ],
    "4": [ 91, 532, 572 ],
    "5": [ 89, 532, 95 ],
    "6": [ 89, 532, 572 ],
    "7": [ 89, 91, 532 ],
    "8": [ 91, 877, 95 ],
    "9": [ 89, 877, 95 ],
    "10": [ 89, 91, 877 ],
    "11": [ 532, 877, 95 ],
    "12": [ 91, 532, 877 ],
    "13": [ 89, 532, 877 ],
    "14": [ 91, 532, 572, 95 ],
    "15": [ 89, 532, 572, 95 ],
    "16": [ 89, 91, 532, 572 ],
    "17": [ 91, 532, 877, 95 ],
    "18": [ 89, 532, 877, 95 ],
    "19": [ 89, 91, 532, 877 ]
  },
  "confidence": {
    "0": 1.0,
    "1": 1.0,
    "2": 1.0,
    "3": 1.0,
    "4": 1.0,
    "5": 1.0,
    "6": 1.0,
    "7": 1.0,
    "8": 1.0,
    "9": 1.0,
    "10": 1.0,
    "11": 1.0,
    "12": 1.0,
    "13": 1.0,
    "14": 0.8571428571,
    "15": 1.0,
    "16": 1.0,
    "17": 1.0,
    "18": 1.0,
    "19": 1.0
  },
  "lift": {
    "0": 12.8333333333,
    "1": 12.8333333333,
    "2": 12.8333333333,
    "3": 8.5555555556,
    "4": 12.8333333333,
    "5": 8.5555555556,
    "6": 12.8333333333,
    "7": 8.5555555556,
    "8": 12.8333333333,
    "9": 12.8333333333,
    "10": 12.8333333333,
    "11": 12.8333333333,
    "12": 12.8333333333,
    "13": 12.8333333333,
    "14": 11.0,
    "15": 12.8333333333,
    "16": 12.8333333333,
    "17": 12.8333333333,
    "18": 12.8333333333,
    "19": 12.8333333333
  },
  "bundles": {
    "0": "91,532,877,89,572,95",
    "1": "532,877,95,89,91,572",
    "2": "89,91,877,532,572,95",
    "3": "89,572,877,91,532,95",
    "4": "89,877,95,91,532,572",
    "5": "91,572,877,89,532,95",
    "6": "91,877,95,89,532,572",
    "7": "572,877,95,89,91,532",
    "8": "89,532,572,91,877,95",
    "9": "91,532,572,89,877,95",
    "10": "532,572,95,89,91,877",
    "11": "89,91,572,532,877,95",
    "12": "89,572,95,91,532,877",
    "13": "91,572,95,89,532,877",
    "14": "89,877,91,532,572,95",
    "15": "91,877,89,532,572,95",
    "16": "877,95,89,91,532,572",
    "17": "89,572,91,532,877,95",
    "18": "91,572,89,532,877,95",
    "19": "572,95,89,91,532,877"
  }
}