{"leftofRules":{"2":[116],"4":[112],"5":[116],"14":[817],"15":[818],"20":[112,116],"21":[112,110],"22":[116,110]},"rightofRules":{"2":[110],"4":[116],"5":[112],"14":[818],"15":[817],"20":[110],"21":[116],"22":[112]},"antecedent support":{"2":0.1275510204,"4":0.137755102,"5":0.1275510204,"14":0.0969387755,"15":0.0943877551,"20":0.1224489796,"21":0.1020408163,"22":0.1020408163},"consequent support":{"2":0.1326530612,"4":0.1275510204,"5":0.137755102,"14":0.0943877551,"15":0.0969387755,"20":0.1326530612,"21":0.1275510204,"22":0.137755102},"support":{"2":0.1020408163,"4":0.1224489796,"5":0.1224489796,"14":0.0790816327,"15":0.0790816327,"20":0.0994897959,"21":0.0994897959,"22":0.0994897959},"confidence":{"2":0.8,"4":0.8888888889,"5":0.96,"14":0.8157894737,"15":0.8378378378,"20":0.8125,"21":0.975,"22":0.975},"lift":{"2":6.0307692308,"4":6.9688888889,"5":6.9688888889,"14":8.6429587482,"15":8.6429587482,"20":6.125,"21":7.644,"22":7.0777777778},"leverage":{"2":0.085120783,"4":0.1048781758,"5":0.1048781758,"14":0.0699317993,"15":0.0699317993,"20":0.0832465639,"21":0.0864743857,"22":0.0854331529},"conviction":{"2":4.3367346939,"4":7.8520408163,"5":21.556122449,"14":4.916180758,"15":5.568877551,"20":4.6258503401,"21":34.8979591837,"22":34.4897959184},"bundles":{"2":"116,110","4":"112,116","5":"116,112","14":"817,818","15":"818,817","20":"112,116,110","21":"112,110,116","22":"116,110,112"}}